{
  "users": {},
  "chats": {
    "6283842155959@s.whatsapp.net": {
      "antilink": true,
      "antilink2": true,
      "welcome": true
    },
    "120363305588679146@g.us": {
      "antilink": true,
      "antilink2": true,
      "welcome": true
    },
    "120363170957151564@newsletter": {
      "antilink": true,
      "antilink2": true,
      "welcome": true
    },
    "6285861398259@s.whatsapp.net": {
      "antilink": true,
      "antilink2": true,
      "welcome": true
    },
    "120363368494338519@g.us": {
      "antilink": true,
      "antilink2": true,
      "welcome": true
    },
    "120363198455471220@newsletter": {
      "antilink": true,
      "antilink2": true,
      "welcome": true
    },
    "120363399037626449@g.us": {
      "antilink": true,
      "antilink2": true,
      "welcome": true
    },
    "120363203174248119@newsletter": {
      "antilink": true,
      "antilink2": true,
      "welcome": true
    },
    "867051314767696@bot": {
      "antilink": true,
      "antilink2": true,
      "welcome": true
    },
    "62856033289956@s.whatsapp.net": {
      "antilink": true,
      "antilink2": true,
      "welcome": true
    },
    "66970095512@s.whatsapp.net": {
      "antilink": true,
      "antilink2": true,
      "welcome": true
    },
    "120363322394572321@g.us": {
      "antilink": true,
      "antilink2": true,
      "welcome": true
    },
    "120363281613416067@g.us": {
      "antilink": true,
      "antilink2": true,
      "welcome": true
    },
    "120363331849019826@g.us": {
      "antilink": true,
      "antilink2": true,
      "welcome": true
    },
    "120363248233950379@g.us": {
      "antilink": true,
      "antilink2": true,
      "welcome": true
    }
  },
  "others": {}
}